case,cells_across,nominal_h_m,nodes,potential_relative_error,capacitance,exact_capacitance,capacitance_units,relative_capacitance_error,relative_energy_error
capacitor_1d,8,0.00125,17,1.5099033134902129e-15,1.77083756255999e-09,1.77083756376e-09,F/m^2,6.776511574102528e-10,6.776452732282223e-10
capacitor_2d,8,0.00125,122,1.2434497875801752e-15,8.854187812799991e-12,8.8541878188e-12,F/m,6.776464944735494e-10,6.776453842505248e-10
space_charge_1d,8,0.00125,17,0.0039062494370084855,,,,,
capacitor_1d,16,0.000625,33,3.197442310920451e-15,1.7708375625600483e-09,1.77083756376e-09,F/m^2,6.776181837864215e-10,6.776454952728272e-10
capacitor_2d,16,0.000625,302,1.865174681370263e-15,8.854187812800004e-12,8.8541878188e-12,F/m,6.776450511836174e-10,6.776453842505248e-10
space_charge_1d,16,0.000625,33,0.0009765619338835154,,,,,
capacitor_1d,32,0.0003125,65,9.14823772291129e-15,1.7708375625601012e-09,1.77083756376e-09,F/m^2,6.775883187870591e-10,6.776452732282223e-10
capacitor_2d,32,0.0003125,864,7.904787935331115e-15,8.854187812799804e-12,8.8541878188e-12,F/m,6.776676997333198e-10,6.776453842505248e-10
space_charge_1d,32,0.0003125,65,0.00024414005998167984,,,,,
